{"turrets": {"1": {"r": 182.8, "theta": 5.253441048502932}, "2": {"r": 182.8, "theta": 3.5081117965086026}, "3": {"r": 182.8, "theta": 1.9198621771937625}, "4": {"r": 182.8, "theta": 4.4505895925855405}, "5": {"r": 182.8, "theta": 0.4363323129985824}, "6": {"r": 182.8, "theta": 2.478367537831948}, "7": {"r": 182.8, "theta": 1.6231562043547263}, "8": {"r": 182.8, "theta": 5.707226654021458}, "9": {"r": 182.8, "theta": 4.153883619746504}, "10": {"r": 182.8, "theta": 3.3510321638291125}, "11": {"r": 182.8, "theta": 4.71238898038469}, "12": {"r": 182.8, "theta": 2.234021442552742}, "13": {"r": 182.8, "theta": 2.9670597283903604}, "14": {"r": 182.8, "theta": 0.8028514559173915}, "15": {"r": 182.8, "theta": 1.239183768915974}, "16": {"r": 182.8, "theta": 0.20943951023931953}, "17": {"r": 182.8, "theta": 4.886921905584122}, "18": {"r": 182.8, "theta": 3.1764992386296798}, "19": {"r": 182.8, "theta": 3.9968039870670142}, "20": {"r": 182.8, "theta": 6.2482787221397}, "21": {"r": 182.8, "theta": 2.8099800957108703}, "22": {"r": 182.8, "theta": 3.787364476827695}}, "globes": [{"r": 182.8, "theta": 3.05, "z": 162.6}, {"r": 182.8, "theta": 5.689773361501514, "z": 26.0}, {"r": 182.8, "theta": 4.485496177625427, "z": 31.0}]}